INSERT INTO certification VALUES
(1,'tosa',67),
(2,'mos',95);


INSERT INTO `formation_atlas` (`id_formation_a`, `nom_formation_a`, `nb_jours_formation_a`, `theme_formation_a`, `niveau_formation_a`, `version_formation_a`,`pers_maxi_a`) VALUES
(1, 'Excel', 1, 'Bureautique', 'Base', '2007','10'),
(2, 'Excel', 2, 'Bureautique', 'Perf', '2007','10'),
(3,'Word',1,'Bureautique','Base','2010',10),
(4,'Word',1,'Bureautique','Expert','2010',10),
(5, 'Linux', 2, 'Systèmes et réseaux', 'Base', NULL,'10'),
(6, 'Debian', 2, 'Systèmes et réseaux', 'Expert', NULL,'10'),
(7,'Photoshop',5,'Bureautique','Base','CS6',5),
(8,'Photoshop',5,'Bureautique','Expert','CS6',5),
(9,'Comportement',2,'Management','Expert',NULL,10),
(10,'Gestion de projet',3,'Management','Expert',NULL,10);

INSERT INTO `formation_cpf` (`id_formation`, `cadre_cpf`, `code_cpf_regional`, `code_cpf_national`) VALUES
(1, 'oui', NULL, NULL),
(2, 'oui', NULL, NULL),
(3, 'oui', NULL, NULL),
(4, 'oui', NULL, NULL);

INSERT INTO `tarif_atlas` (`id_formation_a`, `nb_pers_a`, `prix_inter_a`, `prix_intra_a_atlas`, `prix_intra_a_client`) VALUES
(1, 1, '200.00', '210.00', '220.00'),
(1, 2, '400.00', '420.00', '440.00'),
(1, 3, '600.00', '630.00', '660.00'),
(1, 4, '800.00', '840.00', '880.00'),
(1, 5, '1000.00', '1050.00', '1100.00'),
(1, 6, '1200.00', '1260.00', '1320.00'),
(1, 7, NULL, '1470.00', '1540.00'),
(1, 8, NULL, '1680.00', '1760.00'),
(1, 9, NULL, '1890.00', '1980.00'),
(1, 10, NULL, '2100.00', '2200.00'),
(2, 1, '180.00', '190.00', '200.00'),
(2, 2, '360.00', '380.00', '400.00'),
(2, 3, '540.00', '570.00', '600.00'),
(2, 4, '720.00', '760.00', '800.00'),
(2, 5, '900.00', '950.00', '1000.00'),
(2, 6, '1080.00', '1140.00', '1200.00'),
(2, 7, NULL, '1330.00', '1400.00'),
(2, 8, NULL, '1520.00', '1600.00'),
(2, 9, NULL, '1710.00', '1800.00'),
(2, 10, NULL, '1900.00', '2000.00'),
(3,1,150,160,170),
(3,2,160,170,180),
(3,3,170,180,190),
(3,4,180,190,200),
(3,5,190,200,210),
(3,6,200,210,220),
(3,7,210,220,230),
(3,8,220,230,240),
(3,9,230,240,250),
(3,10,240,250,260),
(4,1,180,190,200),
(4,2,190,200,210),
(4,3,200,210,220),
(4,4,210,220,230),
(4,5,220,230,240),
(4,6,230,240,250),
(4,7,240,250,260),
(4,8,250,260,270),
(4,9,260,270,280),
(4,10,270,280,290),
(5,1,160,170,180),
(5,2,170,180,190),
(5,3,180,190,200),
(5,4,190,200,210),
(5,5,200,210,220),
(5,6,210,220,230),
(5,7,220,230,240),
(5,8,230,240,250),
(5,9,240,250,260),
(5,10,250,260,270),
(6,1,215,225,235),
(6,2,225,235,245),
(6,3,235,245,255),
(6,4,245,255,265),
(6,5,255,265,275),
(6,6,265,275,285),
(6,7,275,285,295),
(6,8,285,295,305),
(6,9,295,305,315),
(6,10,305,315,325),
(7,1,320,330,340),
(7,2,330,340,350),
(7,3,340,350,360),
(7,4,350,360,370),
(7,5,360,370,380),
(8,1,412,433,456),
(8,2,422,443,466),
(8,3,432,453,476),
(8,4,442,463,486),
(8,5,452,473,496),
(9,1,300,310,320),
(9,2,310,320,330),
(9,3,320,330,340),
(9,4,330,340,350),
(9,5,340,350,360),
(9,6,350,360,370),
(9,7,360,370,380),
(9,8,370,380,390),
(9,9,380,390,400),
(9,10,390,400,410),
(10,1,400,420,440),
(10,2,410,430,450),
(10,3,420,440,460),
(10,4,430,450,470),
(10,5,440,460,480),
(10,6,450,470,490),
(10,7,460,480,500),
(10,8,470,490,510),
(10,9,480,500,520),
(10,10,490,510,530);

INSERT INTO `certifier` (`id_certification`, `id_formation_a`) VALUES
(1, 1),
(1, 2),
(2, 2),
(1, 3),
(2, 3),
(1, 4),
(2, 4);
